<channel_pre>
<name>ABC TV</name>
<image>http://canadanepal.info/images/banner/ABCtv.jpg</image>
<link>rtmp://202.79.58.13/live/livestream swfUrl=http://canadanepal.info/tvfilmy/player.swf pageUrl=http://canadanepal.info/live/TV-Filmy.php tcUrl=rtmp://202.79.58.13/live live=1</link>
</channel_pre>

<channel_test>
<name>Nepali Lok Geet</name>
<image>http://2.bp.blogspot.com/-clJfJAUUwjg/TclSWnUlvgI/AAAAAAAAE1Q/rcMe_F1Aggc/s1600/nepali_dohori.png</image>
<link>rtmp://xlokgeetx.e.channel.livestream.com/ playpath=/mogulus-edge/lokgeet swfurl=http://cdn.livestream.com/chromelessPlayer/v21/playerapi.swf pageUrl=http://cdn.livestream.com/embed/lokgeet</link>
</channel>

<channel>
<name>NTV</name>
<image>http://canadanepal.info/live/images/nepal_tv.jpg</image>
<link>rtmp://nepaltv.streamer1.net/live/ playpath=ntvchannel2 pageUrl=http://www.npvideo.com/channel.php?id=1 swfUrl=http://www.npvideo.com/config-js/player.swf</link>
</channel>

<channel>
<name>NTV (Low Quality Alternative)</name>
<image>http://canadanepal.info/live/images/nepal_tv.jpg</image>
<link>rtmp://nepaltv.streamer1.net/live/ playPath=nepaltelevisionplus swfUrl=http://www.npvideo.com/config-js/player.swf pageUrl=http://www.npvideo.com/channel.php?id=15</link>
</channel>

<channel>
<name>NTV Plus (Low Quality Alternative)</name>
<image>http://canadanepal.info/live/images/nepal_tv_plus.jpg</image>
<link>rtmp://nepaltv.streamer1.net/live/ playPath=ntvchannel swfUrl=http://www.npvideo.com/config-js/player.swf pageUrl=http://www.npvideo.com/channel.php?id=17</link>
</channel>

<channel>
<name>Sagarmatha TV</name>
<image>http://canadanepal.info/live/images/sagarmatha_tv.jpg</image>
<link>mms://202.52.237.122/sagarmathalive</link>
</channel>

