<?xml version="1.0" encoding="UTF-8"?>
<addon id="plugin.video.ustvcc"
       name="Ustvcc"
       version="0.1.4"
       provider-name="humla">
    <requires>
        <import addon="xbmc.python" version="2.0"/>
        <import addon="script.module.t0mm0.common" version="1.1.0"/>
        <import addon="script.module.metahandler" version="1.0.0"/>
    </requires>
    <extension point="xbmc.python.pluginsource"
               library="default.py">
        <provides>video</provides>
    </extension>
    <extension point="xbmc.addon.metadata">
        <platform>all</platform>
        <summary>Watch US TV series </summary>
        <description>Watch US TV series from ustv.cc</description>
    </extension>
</addon>
