<?xml version="1.0" encoding="UTF-8"?>
<addon id="plugin.video.einthusan"
       name="Einthusan"
       version="1.1.0"
       provider-name="humla">
    <requires>
        <import addon="xbmc.python" version="2.1.0"/>
        <import addon="script.module.t0mm0.common" version="1.0.0"/>
    </requires>
    <extension point="xbmc.python.pluginsource"
               library="default.py">
        <provides>video</provides>
    </extension>
    <extension point="xbmc.addon.metadata">
        <platform>all</platform>
        <summary>Watch Hindi, Tamil  movies</summary>
        <description>This XBMC plugin allows to watch Hindi and Tamil movies from Einthusan.com. Please support them.

        Credits to suriya222 for the thumbnails.</description>
    </extension>
</addon>
