<channel>
<name>ABC TV</name>
<image>http://canadanepal.info/images/banner/ABCtv.jpg</image>
<link>rtmp://202.79.58.13/live/livestream swfUrl=http://canadanepal.info/tvfilmy/player.swf pageUrl=http://canadanepal.info/live/TV-Filmy.php tcUrl=rtmp://202.79.58.13/live live=1</link>
</channel>

<progress>
<name>Nepali Lok Geet</name>
<image>http://2.bp.blogspot.com/-clJfJAUUwjg/TclSWnUlvgI/AAAAAAAAE1Q/rcMe_F1Aggc/s1600/nepali_dohori.png</image>
<link>rtmp://cp133304.live.edgefcs.net/live/ playpath=channel1@62057 swfurl=http://www.startv.in/flash/liveplayer.swf pageurl=http://www.npvideo.com/channel.php?id=9 live=true swfvfy=true</link> This is channel V's link
</progress>

<channel>
<name>NTV</name>
<image>http://canadanepal.info/live/images/nepal_tv.jpg</image>
<link>rtmp://streamer.istreamlive.net/1_192_309_60/nepaltelevision swfUrl=http://www.npvideo.com/config-js/player.swf pageUrl=http://www.npvideo.com/channel.php?id=1 tcUrl=rtmp://streamer.istreamlive.net/1_192_309_60 live=1</link>
</channel>

<channel>
<name>NTV Plus</name>
<image>http://canadanepal.info/live/images/nepal_tv_plus.jpg</image>
<link>rtmp://streamer.istreamlive.net/1_192_309_60/nepaltelevisionplus swfUrl=http://www.npvideo.com/config-js/player.swf pageUrl=http://www.npvideo.com/channel.php?id=9 tcUrl=rtmp://streamer.istreamlive.net/1_192_309_60 live=1</link>
</channel>

<channel>
<name>Sagarmatha TV</name>
<image>http://canadanepal.info/live/images/sagarmatha_tv.jpg</image>
<link>mms://202.52.237.122/sagarmathalive</link>
</channel>

