<?xml version="1.0" encoding="UTF-8"?>
<addon id="plugin.video.einthusan"
       name="Einthusan"
       version="1.4.0"
       provider-name="CyberBoy_Ram">
    <requires>
        <import addon="xbmc.python" version="2.1.0"/>
        <import addon="script.module.requests" version="2.7.0" />
    </requires>
    <extension point="xbmc.python.pluginsource"
               library="default.py">
        <provides>video</provides>
    </extension>
    <extension point="xbmc.addon.metadata">
        <platform>all</platform>
        <summary>Watch Hindi,Tamil movies for Free </summary>
        <description>This Kodi/XBMC plugin allows you to watch Hindi and Tamil movies from Einthusan.tv. Please support them.

        Credits to CyberBoy_Ram for the thumbnails.</description>
    </extension>
</addon>
